date,ticker,entry_price,exit_price,amount
1969-03-04,COTTON NO.2 FUTR  Jul23,90.530519110097,,-1.0
1969-04-11,COTTON NO.2 FUTR  Jul23,"Dates
1969-03-04    90.530519
Name: COTTON NO.2 FUTR  Jul23, dtype: float64",87.37674191182465,-1.0
1969-04-11,LIVE CATTLE FUTR  Aug23,115.78084510021691,,4362.970549686657
1969-04-11,COTTON NO.2 FUTR  Jul23,87.37674191182465,,0.0
1969-04-14,LIVE CATTLE FUTR  Aug23,"Dates
1969-04-11    115.780845
Name: LIVE CATTLE FUTR  Aug23, dtype: float64",114.93997567296005,4362.970549686657
1969-04-14,COTTON NO.2 FUTR  Jul23,"Dates
1969-04-11    87.376742
Name: COTTON NO.2 FUTR  Jul23, dtype: float64",86.92038138701004,0.0
1969-04-14,LIVE CATTLE FUTR  Aug23,114.93997567296005,,4278.174674538887
1969-04-14,COTTON NO.2 FUTR  Jul23,86.92038138701004,,0.0
1969-06-06,LIVE CATTLE FUTR  Aug23,"Dates
1969-04-14    114.939976
Name: LIVE CATTLE FUTR  Aug23, dtype: float64",131.61457507007265,4278.174674538887
1969-06-06,COTTON NO.2 FUTR  Jul23,"Dates
1969-04-14    86.920381
Name: COTTON NO.2 FUTR  Jul23, dtype: float64",85.5187026322223,0.0
1969-06-06,CORN FUTURE       Jul23,105.04869612148273,,-34137.79779810317
1969-06-06,LIVE CATTLE FUTR  Aug23,131.61457507007265,,-0.0
1969-06-06,COTTON NO.2 FUTR  Jul23,85.5187026322223,,0.0
1969-06-23,CORN FUTURE       Jul23,"Dates
1969-06-06    105.048696
Name: CORN FUTURE       Jul23, dtype: float64",104.54333586831194,-34137.79779810317
1969-06-23,LIVE CATTLE FUTR  Aug23,"Dates
1969-06-06    131.614575
Name: LIVE CATTLE FUTR  Aug23, dtype: float64",132.59823364535424,-0.0
1969-06-23,COTTON NO.2 FUTR  Jul23,"Dates
1969-06-06    85.518703
Name: COTTON NO.2 FUTR  Jul23, dtype: float64",84.28815907424006,0.0
1969-06-23,COCOA FUTURE      Jul23,91.09902690326274,,37578.32045290182
1969-06-23,CORN FUTURE       Jul23,104.54333586831194,,0.0
1969-06-23,LIVE CATTLE FUTR  Aug23,132.59823364535424,,-0.0
1969-06-23,COTTON NO.2 FUTR  Jul23,84.28815907424006,,0.0
1969-07-03,COCOA FUTURE      Jul23,"Dates
1969-06-23    91.099027
Name: COCOA FUTURE      Jul23, dtype: float64",94.70520892959358,37578.32045290182
1969-07-03,CORN FUTURE       Jul23,"Dates
1969-06-23    104.543336
Name: CORN FUTURE       Jul23, dtype: float64",102.9144076736256,0.0
1969-07-03,LIVE CATTLE FUTR  Aug23,"Dates
1969-06-23    132.598234
Name: LIVE CATTLE FUTR  Aug23, dtype: float64",132.07467343593015,-0.0
1969-07-03,COTTON NO.2 FUTR  Jul23,"Dates
1969-06-23    84.288159
Name: COTTON NO.2 FUTR  Jul23, dtype: float64",82.88648031945235,0.0
1969-07-03,SOYBEAN FUTURE    Jul23,98.53388163776145,,-2348862.0143201705
1969-07-03,COCOA FUTURE      Jul23,94.70520892959358,,0.0
1969-07-03,CORN FUTURE       Jul23,102.9144076736256,,-0.0
1969-07-03,LIVE CATTLE FUTR  Aug23,132.07467343593015,,-0.0
1969-07-03,COTTON NO.2 FUTR  Jul23,82.88648031945235,,0.0
1969-08-29,SOYBEAN FUTURE    Jul23,"Dates
1969-07-03    98.533882
Name: SOYBEAN FUTURE    Jul23, dtype: float64",102.91435723225457,-2348862.0143201705
1969-08-29,COCOA FUTURE      Jul23,"Dates
1969-07-03    94.705209
Name: COCOA FUTURE      Jul23, dtype: float64",81.56840297653117,0.0
1969-08-29,CORN FUTURE       Jul23,"Dates
1969-07-03    102.914408
Name: CORN FUTURE       Jul23, dtype: float64",101.57495768221177,-0.0
1969-08-29,LIVE CATTLE FUTR  Aug23,"Dates
1969-07-03    132.074673
Name: LIVE CATTLE FUTR  Aug23, dtype: float64",127.2145539161248,-0.0
1969-08-29,COTTON NO.2 FUTR  Jul23,"Dates
1969-07-03    82.88648
Name: COTTON NO.2 FUTR  Jul23, dtype: float64",80.10757069513481,0.0
1969-08-29,COTTON NO.2 FUTR  Jul23,80.10757069513481,,38901.674685684346
1969-08-29,SOYBEAN FUTURE    Jul23,102.91435723225457,,-0.0
1969-08-29,COCOA FUTURE      Jul23,81.56840297653117,,0.0
1969-08-29,CORN FUTURE       Jul23,101.57495768221177,,-0.0
1969-08-29,LIVE CATTLE FUTR  Aug23,127.2145539161248,,-0.0
1969-09-09,COTTON NO.2 FUTR  Jul23,"Dates
1969-08-29    80.107571
Name: COTTON NO.2 FUTR  Jul23, dtype: float64",81.24847200717134,38901.674685684346
1969-09-09,SOYBEAN FUTURE    Jul23,"Dates
1969-08-29    102.914357
Name: SOYBEAN FUTURE    Jul23, dtype: float64",102.91435723225456,-0.0
1969-09-09,COCOA FUTURE      Jul23,"Dates
1969-08-29    81.568403
Name: COCOA FUTURE      Jul23, dtype: float64",84.43045220377786,0.0
1969-09-09,CORN FUTURE       Jul23,"Dates
1969-08-29    101.574958
Name: CORN FUTURE       Jul23, dtype: float64",100.24777371636036,-0.0
1969-09-09,LIVE CATTLE FUTR  Aug23,"Dates
1969-08-29    127.214554
Name: LIVE CATTLE FUTR  Aug23, dtype: float64",126.32079961922913,-0.0
1969-09-09,SUGAR #11 (WORLD) Jul23,92.05930936836316,,-193558.92473201104
1969-09-09,COTTON NO.2 FUTR  Jul23,81.24847200717134,,0.0
1969-09-09,SOYBEAN FUTURE    Jul23,102.91435723225456,,-0.0
1969-09-09,COCOA FUTURE      Jul23,84.43045220377786,,-0.0
1969-09-09,CORN FUTURE       Jul23,100.24777371636036,,-0.0
1969-09-09,LIVE CATTLE FUTR  Aug23,126.32079961922913,,0.0
1969-11-11,SUGAR #11 (WORLD) Jul23,"Dates
1969-09-09    92.059309
Name: SUGAR #11 (WORLD) Jul23, dtype: float64",112.80578934948484,-193558.92473201104
1969-11-11,COTTON NO.2 FUTR  Jul23,"Dates
1969-09-09    81.248472
Name: COTTON NO.2 FUTR  Jul23, dtype: float64",82.62570287670108,0.0
1969-11-11,SOYBEAN FUTURE    Jul23,"Dates
1969-09-09    102.914357
Name: SOYBEAN FUTURE    Jul23, dtype: float64",105.29232969783659,-0.0
1969-11-11,COCOA FUTURE      Jul23,"Dates
1969-09-09    84.430452
Name: COCOA FUTURE      Jul23, dtype: float64",94.76244991413853,-0.0
1969-11-11,CORN FUTURE       Jul23,"Dates
1969-09-09    100.247774
Name: CORN FUTURE       Jul23, dtype: float64",102.30601280573062,-0.0
1969-11-11,LIVE CATTLE FUTR  Aug23,"Dates
1969-09-09    126.3208
Name: LIVE CATTLE FUTR  Aug23, dtype: float64",130.37178063356095,0.0
1969-11-11,CORN FUTURE       Jul23,102.30601280573062,,-8365.332551827303
1969-11-11,SUGAR #11 (WORLD) Jul23,112.80578934948484,,-0.0
1969-11-11,COTTON NO.2 FUTR  Jul23,82.62570287670108,,0.0
1969-11-11,SOYBEAN FUTURE    Jul23,105.29232969783659,,0.0
1969-11-11,COCOA FUTURE      Jul23,94.76244991413853,,0.0
1969-11-11,LIVE CATTLE FUTR  Aug23,130.37178063356095,,-0.0
1969-11-12,CORN FUTURE       Jul23,"Dates
1969-11-11    102.306013
Name: CORN FUTURE       Jul23, dtype: float64",102.0925839609449,-8365.332551827303
1969-11-12,SUGAR #11 (WORLD) Jul23,"Dates
1969-11-11    112.805789
Name: SUGAR #11 (WORLD) Jul23, dtype: float64",114.09580744120198,-0.0
1969-11-12,COTTON NO.2 FUTR  Jul23,"Dates
1969-11-11    82.625703
Name: COTTON NO.2 FUTR  Jul23, dtype: float64",83.29394507375103,0.0
1969-11-12,SOYBEAN FUTURE    Jul23,"Dates
1969-11-11    105.29233
Name: SOYBEAN FUTURE    Jul23, dtype: float64",105.39960665117111,0.0
1969-11-12,COCOA FUTURE      Jul23,"Dates
1969-11-11    94.76245
Name: COCOA FUTURE      Jul23, dtype: float64",92.7017744705209,0.0
1969-11-12,LIVE CATTLE FUTR  Aug23,"Dates
1969-11-11    130.371781
Name: LIVE CATTLE FUTR  Aug23, dtype: float64",129.80591252842584,-0.0
1969-11-12,CORN FUTURE       Jul23,102.0925839609449,,-3183.1507375017704
1969-11-12,SUGAR #11 (WORLD) Jul23,114.09580744120198,,-0.0
1969-11-12,COTTON NO.2 FUTR  Jul23,83.29394507375103,,0.0
1969-11-12,SOYBEAN FUTURE    Jul23,105.39960665117111,,0.0
1969-11-12,COCOA FUTURE      Jul23,92.7017744705209,,0.0
1969-11-12,LIVE CATTLE FUTR  Aug23,129.80591252842584,,-0.0
1969-12-26,CORN FUTURE       Jul23,"Dates
1969-11-12    102.092584
Name: CORN FUTURE       Jul23, dtype: float64",101.33944999141374,-3183.1507375017704
1969-12-26,SUGAR #11 (WORLD) Jul23,"Dates
1969-11-12    114.095807
Name: SUGAR #11 (WORLD) Jul23, dtype: float64",97.65594273578229,-0.0
1969-12-26,COTTON NO.2 FUTR  Jul23,"Dates
1969-11-12    83.293945
Name: COTTON NO.2 FUTR  Jul23, dtype: float64",79.81419607203965,0.0
1969-12-26,SOYBEAN FUTURE    Jul23,"Dates
1969-11-12    105.399607
Name: SOYBEAN FUTURE    Jul23, dtype: float64",103.91560879671013,0.0
1969-12-26,COCOA FUTURE      Jul23,"Dates
1969-11-12    92.701774
Name: COCOA FUTURE      Jul23, dtype: float64",85.28906697195193,0.0
1969-12-26,LIVE CATTLE FUTR  Aug23,"Dates
1969-11-12    129.805913
Name: LIVE CATTLE FUTR  Aug23, dtype: float64",131.35015072187866,-0.0
1969-12-26,SUGAR #11 (WORLD) Jul23,97.65594273578229,,-514378.8754781579
1969-12-26,CORN FUTURE       Jul23,101.33944999141374,,-0.0
1969-12-26,COTTON NO.2 FUTR  Jul23,79.81419607203965,,0.0
1969-12-26,SOYBEAN FUTURE    Jul23,103.91560879671013,,0.0
1969-12-26,COCOA FUTURE      Jul23,85.28906697195193,,0.0
1969-12-26,LIVE CATTLE FUTR  Aug23,131.35015072187866,,-0.0
1970-01-01,SUGAR #11 (WORLD) Jul23,"Dates
1969-12-26    97.655943
Name: SUGAR #11 (WORLD) Jul23, dtype: float64",92.82230787382994,-514378.8754781579
1970-01-01,CORN FUTURE       Jul23,"Dates
1969-12-26    101.33945
Name: CORN FUTURE       Jul23, dtype: float64",101.33944999141373,-0.0
1970-01-01,COTTON NO.2 FUTR  Jul23,"Dates
1969-12-26    79.814196
Name: COTTON NO.2 FUTR  Jul23, dtype: float64",78.41251731725194,0.0
1970-01-01,SOYBEAN FUTURE    Jul23,"Dates
1969-12-26    103.915609
Name: SOYBEAN FUTURE    Jul23, dtype: float64",103.86197032004286,0.0
1970-01-01,COCOA FUTURE      Jul23,"Dates
1969-12-26    85.289067
Name: COCOA FUTURE      Jul23, dtype: float64",82.45563823697768,0.0
1970-01-01,LIVE CATTLE FUTR  Aug23,"Dates
1969-12-26    131.350151
Name: LIVE CATTLE FUTR  Aug23, dtype: float64",128.4996562483475,-0.0
1970-01-01,CORN FUTURE       Jul23,101.33944999141373,,-51911.96159445282
1970-01-01,SUGAR #11 (WORLD) Jul23,92.82230787382994,,-0.0
1970-01-01,COTTON NO.2 FUTR  Jul23,78.41251731725194,,0.0
1970-01-01,SOYBEAN FUTURE    Jul23,103.86197032004286,,-0.0
1970-01-01,COCOA FUTURE      Jul23,82.45563823697768,,0.0
1970-01-01,LIVE CATTLE FUTR  Aug23,128.4996562483475,,-0.0
1970-01-08,CORN FUTURE       Jul23,"Dates
1970-01-01    101.33945
Name: CORN FUTURE       Jul23, dtype: float64",101.85707627014686,-51911.96159445282
1970-01-08,SUGAR #11 (WORLD) Jul23,"Dates
1970-01-01    92.822308
Name: SUGAR #11 (WORLD) Jul23, dtype: float64",104.10210021238103,-0.0
1970-01-08,COTTON NO.2 FUTR  Jul23,"Dates
1970-01-01    78.412517
Name: COTTON NO.2 FUTR  Jul23, dtype: float64",77.49979626762273,0.0
1970-01-08,SOYBEAN FUTURE    Jul23,"Dates
1970-01-01    103.86197
Name: SOYBEAN FUTURE    Jul23, dtype: float64",105.13141426783471,-0.0
1970-01-08,COCOA FUTURE      Jul23,"Dates
1970-01-01    82.455638
Name: COCOA FUTURE      Jul23, dtype: float64",80.13737836290785,0.0
1970-01-08,LIVE CATTLE FUTR  Aug23,"Dates
1970-01-01    128.499656
Name: LIVE CATTLE FUTR  Aug23, dtype: float64",130.14437569411407,-0.0
1970-01-08,LIVE CATTLE FUTR  Aug23,130.14437569411407,,-32766.66599141993
1970-01-08,CORN FUTURE       Jul23,101.85707627014686,,-0.0
1970-01-08,SUGAR #11 (WORLD) Jul23,104.10210021238103,,-0.0
1970-01-08,COTTON NO.2 FUTR  Jul23,77.49979626762273,,0.0
1970-01-08,SOYBEAN FUTURE    Jul23,105.13141426783471,,-0.0
1970-01-08,COCOA FUTURE      Jul23,80.13737836290785,,0.0
1970-03-26,LIVE CATTLE FUTR  Aug23,"Dates
1970-01-08    130.144376
Name: LIVE CATTLE FUTR  Aug23, dtype: float64",141.9429901105296,-32766.66599141993
1970-03-26,CORN FUTURE       Jul23,"Dates
1970-01-08    101.857076
Name: CORN FUTURE       Jul23, dtype: float64",104.90395701984633,-0.0
1970-03-26,SUGAR #11 (WORLD) Jul23,"Dates
1970-01-08    104.1021
Name: SUGAR #11 (WORLD) Jul23, dtype: float64",105.80901439471404,-0.0
1970-03-26,COTTON NO.2 FUTR  Jul23,"Dates
1970-01-08    77.499796
Name: COTTON NO.2 FUTR  Jul23, dtype: float64",74.24007823323272,0.0
1970-03-26,SOYBEAN FUTURE    Jul23,"Dates
1970-01-08    105.131414
Name: SOYBEAN FUTURE    Jul23, dtype: float64",105.34596817450377,-0.0
1970-03-26,COCOA FUTURE      Jul23,"Dates
1970-01-08    80.137378
Name: COCOA FUTURE      Jul23, dtype: float64",63.73783629078421,0.0
1970-03-26,COTTON NO.2 FUTR  Jul23,74.24007823323272,,514788.5475310037
1970-03-26,LIVE CATTLE FUTR  Aug23,141.9429901105296,,0.0
1970-03-26,CORN FUTURE       Jul23,104.90395701984633,,-0.0
1970-03-26,SUGAR #11 (WORLD) Jul23,105.80901439471404,,-0.0
1970-03-26,SOYBEAN FUTURE    Jul23,105.34596817450377,,-0.0
1970-03-26,COCOA FUTURE      Jul23,63.73783629078421,,-0.0
1970-05-22,COTTON NO.2 FUTR  Jul23,"Dates
1970-03-26    74.240078
Name: COTTON NO.2 FUTR  Jul23, dtype: float64",70.51585037894213,514788.5475310037
1970-05-22,LIVE CATTLE FUTR  Aug23,"Dates
1970-03-26    141.94299
Name: LIVE CATTLE FUTR  Aug23, dtype: float64",139.10307261092612,0.0
1970-05-22,CORN FUTURE       Jul23,"Dates
1970-03-26    104.903957
Name: CORN FUTURE       Jul23, dtype: float64",112.58248902190705,-0.0
1970-05-22,SUGAR #11 (WORLD) Jul23,"Dates
1970-03-26    105.809014
Name: SUGAR #11 (WORLD) Jul23, dtype: float64",107.79910328010695,-0.0
1970-05-22,SOYBEAN FUTURE    Jul23,"Dates
1970-03-26    105.345968
Name: SOYBEAN FUTURE    Jul23, dtype: float64",110.31646701233674,-0.0
1970-05-22,COCOA FUTURE      Jul23,"Dates
1970-03-26    63.737836
Name: COCOA FUTURE      Jul23, dtype: float64",54.636519748139655,-0.0
1970-05-22,LIVE CATTLE FUTR  Aug23,139.10307261092612,,-917129.978453927
1970-05-22,COTTON NO.2 FUTR  Jul23,70.51585037894213,,0.0
1970-05-22,CORN FUTURE       Jul23,112.58248902190705,,0.0
1970-05-22,SUGAR #11 (WORLD) Jul23,107.79910328010695,,-0.0
1970-05-22,SOYBEAN FUTURE    Jul23,110.31646701233674,,0.0
1970-05-22,COCOA FUTURE      Jul23,54.636519748139655,,0.0
1970-05-26,LIVE CATTLE FUTR  Aug23,"Dates
1970-05-22    139.103073
Name: LIVE CATTLE FUTR  Aug23, dtype: float64",135.25305410122172,-917129.978453927
1970-05-26,COTTON NO.2 FUTR  Jul23,"Dates
1970-05-22    70.51585
Name: COTTON NO.2 FUTR  Jul23, dtype: float64",70.84997147746711,0.0
1970-05-26,CORN FUTURE       Jul23,"Dates
1970-05-22    112.582489
Name: CORN FUTURE       Jul23, dtype: float64",111.61592620759015,0.0
1970-05-26,SUGAR #11 (WORLD) Jul23,"Dates
1970-05-22    107.799103
Name: SUGAR #11 (WORLD) Jul23, dtype: float64",110.99268465350426,-0.0
1970-05-26,SOYBEAN FUTURE    Jul23,"Dates
1970-05-22    110.316467
Name: SOYBEAN FUTURE    Jul23, dtype: float64",109.6012873234399,0.0
1970-05-26,COCOA FUTURE      Jul23,"Dates
1970-05-22    54.63652
Name: COCOA FUTURE      Jul23, dtype: float64",53.54894104178591,0.0
1970-05-26,SUGAR #11 (WORLD) Jul23,110.99268465350426,,-1755738.3287227964
1970-05-26,LIVE CATTLE FUTR  Aug23,135.25305410122172,,-0.0
1970-05-26,COTTON NO.2 FUTR  Jul23,70.84997147746711,,0.0
1970-05-26,CORN FUTURE       Jul23,111.61592620759015,,0.0
1970-05-26,SOYBEAN FUTURE    Jul23,109.6012873234399,,0.0
1970-05-26,COCOA FUTURE      Jul23,53.54894104178591,,0.0
1970-05-28,SUGAR #11 (WORLD) Jul23,"Dates
1970-05-26    110.992685
Name: SUGAR #11 (WORLD) Jul23, dtype: float64",110.70557696845746,-1755738.3287227964
1970-05-28,LIVE CATTLE FUTR  Aug23,"Dates
1970-05-26    135.253054
Name: LIVE CATTLE FUTR  Aug23, dtype: float64",137.8602781744144,-0.0
1970-05-28,COTTON NO.2 FUTR  Jul23,"Dates
1970-05-26    70.849971
Name: COTTON NO.2 FUTR  Jul23, dtype: float64",71.8360361828701,0.0
1970-05-28,CORN FUTURE       Jul23,"Dates
1970-05-26    111.615926
Name: CORN FUTURE       Jul23, dtype: float64",111.83180825748833,0.0
1970-05-28,SOYBEAN FUTURE    Jul23,"Dates
1970-05-26    109.601287
Name: SOYBEAN FUTURE    Jul23, dtype: float64",110.11979259789011,0.0
1970-05-28,COCOA FUTURE      Jul23,"Dates
1970-05-26    53.548941
Name: COCOA FUTURE      Jul23, dtype: float64",56.496851745850016,0.0
1970-05-28,WHEAT FUTURE(CBT) Jul23,107.35164095593758,,2878.0854438852493
1970-05-28,SUGAR #11 (WORLD) Jul23,110.70557696845746,,-0.0
1970-05-28,LIVE CATTLE FUTR  Aug23,137.8602781744144,,0.0
1970-05-28,COTTON NO.2 FUTR  Jul23,71.8360361828701,,0.0
1970-05-28,CORN FUTURE       Jul23,111.83180825748833,,-0.0
1970-05-28,SOYBEAN FUTURE    Jul23,110.11979259789011,,-0.0
1970-05-28,COCOA FUTURE      Jul23,56.496851745850016,,0.0
1970-06-08,WHEAT FUTURE(CBT) Jul23,"Dates
1970-05-28    107.351641
Name: WHEAT FUTURE(CBT) Jul23, dtype: float64",107.55090460417787,2878.0854438852493
1970-06-08,SUGAR #11 (WORLD) Jul23,"Dates
1970-05-28    110.705577
Name: SUGAR #11 (WORLD) Jul23, dtype: float64",109.83245496735621,-0.0
1970-06-08,LIVE CATTLE FUTR  Aug23,"Dates
1970-05-28    137.860278
Name: LIVE CATTLE FUTR  Aug23, dtype: float64",139.89634565550804,0.0
1970-06-08,COTTON NO.2 FUTR  Jul23,"Dates
1970-05-28    71.836036
Name: COTTON NO.2 FUTR  Jul23, dtype: float64",70.48325319859823,0.0
1970-06-08,CORN FUTURE       Jul23,"Dates
1970-05-28    111.831808
Name: CORN FUTURE       Jul23, dtype: float64",112.58248902190705,-0.0
1970-06-08,SOYBEAN FUTURE    Jul23,"Dates
1970-05-28    110.119793
Name: SOYBEAN FUTURE    Jul23, dtype: float64",112.14017521902366,-0.0
1970-06-08,COCOA FUTURE      Jul23,"Dates
1970-05-28    56.496852
Name: COCOA FUTURE      Jul23, dtype: float64",52.08929593589009,0.0
1970-06-08,SUGAR #11 (WORLD) Jul23,109.83245496735621,,-23207.1321184384
1970-06-08,WHEAT FUTURE(CBT) Jul23,107.55090460417787,,0.0
1970-06-08,LIVE CATTLE FUTR  Aug23,139.89634565550804,,-0.0
1970-06-08,COTTON NO.2 FUTR  Jul23,70.48325319859823,,0.0
1970-06-08,CORN FUTURE       Jul23,112.58248902190705,,-0.0
1970-06-08,SOYBEAN FUTURE    Jul23,112.14017521902366,,0.0
1970-06-08,COCOA FUTURE      Jul23,52.08929593589009,,0.0
1970-07-17,SUGAR #11 (WORLD) Jul23,"Dates
1970-06-08    109.832455
Name: SUGAR #11 (WORLD) Jul23, dtype: float64",111.0005506174781,-23207.1321184384
1970-07-17,WHEAT FUTURE(CBT) Jul23,"Dates
1970-06-08    107.550905
Name: WHEAT FUTURE(CBT) Jul23, dtype: float64",113.04187175866659,0.0
1970-07-17,LIVE CATTLE FUTR  Aug23,"Dates
1970-06-08    139.896346
Name: LIVE CATTLE FUTR  Aug23, dtype: float64",145.0208895235074,-0.0
1970-07-17,COTTON NO.2 FUTR  Jul23,"Dates
1970-06-08    70.483253
Name: COTTON NO.2 FUTR  Jul23, dtype: float64",72.75690652758523,0.0
1970-07-17,CORN FUTURE       Jul23,"Dates
1970-06-08    112.582489
Name: CORN FUTURE       Jul23, dtype: float64",119.06631013419019,-0.0
1970-07-17,SOYBEAN FUTURE    Jul23,"Dates
1970-06-08    112.140175
Name: SOYBEAN FUTURE    Jul23, dtype: float64",119.6674414446628,0.0
1970-07-17,COCOA FUTURE      Jul23,"Dates
1970-06-08    52.089296
Name: COCOA FUTURE      Jul23, dtype: float64",56.21064682312534,0.0
1970-07-17,SUGAR #11 (WORLD) Jul23,111.0005506174781,,-22818.613050801934
1970-07-17,WHEAT FUTURE(CBT) Jul23,113.04187175866659,,0.0
1970-07-17,LIVE CATTLE FUTR  Aug23,145.0208895235074,,-0.0
1970-07-17,COTTON NO.2 FUTR  Jul23,72.75690652758523,,0.0
1970-07-17,CORN FUTURE       Jul23,119.06631013419019,,-0.0
1970-07-17,SOYBEAN FUTURE    Jul23,119.6674414446628,,0.0
1970-07-17,COCOA FUTURE      Jul23,56.21064682312534,,0.0
1970-08-06,SUGAR #11 (WORLD) Jul23,"Dates
1970-07-17    111.000551
Name: SUGAR #11 (WORLD) Jul23, dtype: float64",109.8678518052386,-22818.613050801934
1970-08-06,WHEAT FUTURE(CBT) Jul23,"Dates
1970-07-17    113.041872
Name: WHEAT FUTURE(CBT) Jul23, dtype: float64",115.11104659602258,0.0
1970-08-06,LIVE CATTLE FUTR  Aug23,"Dates
1970-07-17    145.02089
Name: LIVE CATTLE FUTR  Aug23, dtype: float64",140.79009995240372,-0.0
1970-08-06,COTTON NO.2 FUTR  Jul23,"Dates
1970-07-17    72.756907
Name: COTTON NO.2 FUTR  Jul23, dtype: float64",70.97221090375668,0.0
1970-08-06,CORN FUTURE       Jul23,"Dates
1970-07-17    119.06631
Name: CORN FUTURE       Jul23, dtype: float64",118.03841719206127,-0.0
1970-08-06,SOYBEAN FUTURE    Jul23,"Dates
1970-07-17    119.667441
Name: SOYBEAN FUTURE    Jul23, dtype: float64",113.57053459681724,0.0
1970-08-06,COCOA FUTURE      Jul23,"Dates
1970-07-17    56.210647
Name: COCOA FUTURE      Jul23, dtype: float64",64.88265598168284,0.0
1970-08-06,SUGAR #11 (WORLD) Jul23,109.8678518052386,,-23014.92083401043
1970-08-06,WHEAT FUTURE(CBT) Jul23,115.11104659602258,,0.0
1970-08-06,LIVE CATTLE FUTR  Aug23,140.79009995240372,,-0.0
1970-08-06,COTTON NO.2 FUTR  Jul23,70.97221090375668,,0.0
1970-08-06,CORN FUTURE       Jul23,118.03841719206127,,-0.0
1970-08-06,SOYBEAN FUTURE    Jul23,113.57053459681724,,0.0
1970-08-06,COCOA FUTURE      Jul23,64.88265598168284,,0.0
1970-08-14,SUGAR #11 (WORLD) Jul23,"Dates
1970-08-06    109.867852
Name: SUGAR #11 (WORLD) Jul23, dtype: float64",109.86785180523859,-23014.92083401043
1970-08-14,WHEAT FUTURE(CBT) Jul23,"Dates
1970-08-06    115.111047
Name: WHEAT FUTURE(CBT) Jul23, dtype: float64",117.86642737433847,0.0
1970-08-14,LIVE CATTLE FUTR  Aug23,"Dates
1970-08-06    140.7901
Name: LIVE CATTLE FUTR  Aug23, dtype: float64",141.01750489185056,-0.0
1970-08-14,COTTON NO.2 FUTR  Jul23,"Dates
1970-08-06    70.972211
Name: COTTON NO.2 FUTR  Jul23, dtype: float64",72.45538260940414,0.0
1970-08-14,CORN FUTURE       Jul23,"Dates
1970-08-06    118.038417
Name: CORN FUTURE       Jul23, dtype: float64",127.60591713073111,-0.0
1970-08-14,SOYBEAN FUTURE    Jul23,"Dates
1970-08-06    113.570535
Name: SOYBEAN FUTURE    Jul23, dtype: float64",115.60879671017321,0.0
1970-08-14,COCOA FUTURE      Jul23,"Dates
1970-08-06    64.882656
Name: COCOA FUTURE      Jul23, dtype: float64",68.54607899255862,0.0
1970-08-14,COTTON NO.2 FUTR  Jul23,72.45538260940414,,3517.2589701658603
1970-08-14,SUGAR #11 (WORLD) Jul23,109.86785180523859,,-0.0
1970-08-14,WHEAT FUTURE(CBT) Jul23,117.86642737433847,,0.0
1970-08-14,LIVE CATTLE FUTR  Aug23,141.01750489185056,,-0.0
1970-08-14,CORN FUTURE       Jul23,127.60591713073111,,-0.0
1970-08-14,SOYBEAN FUTURE    Jul23,115.60879671017321,,0.0
1970-08-14,COCOA FUTURE      Jul23,68.54607899255862,,0.0
1970-08-18,COTTON NO.2 FUTR  Jul23,"Dates
1970-08-14    72.455383
Name: COTTON NO.2 FUTR  Jul23, dtype: float64",72.07236574036331,3517.2589701658603
1970-08-18,SUGAR #11 (WORLD) Jul23,"Dates
1970-08-14    109.867852
Name: SUGAR #11 (WORLD) Jul23, dtype: float64",112.98277353889702,-0.0
1970-08-18,WHEAT FUTURE(CBT) Jul23,"Dates
1970-08-14    117.866427
Name: WHEAT FUTURE(CBT) Jul23, dtype: float64",119.2441177634964,0.0
1970-08-18,LIVE CATTLE FUTR  Aug23,"Dates
1970-08-14    141.017505
Name: LIVE CATTLE FUTR  Aug23, dtype: float64",141.24490983129738,-0.0
1970-08-18,CORN FUTURE       Jul23,"Dates
1970-08-14    127.605917
Name: CORN FUTURE       Jul23, dtype: float64",132.60554914996425,-0.0
1970-08-18,SOYBEAN FUTURE    Jul23,"Dates
1970-08-14    115.608797
Name: SOYBEAN FUTURE    Jul23, dtype: float64",116.32397639907003,0.0
1970-08-18,COCOA FUTURE      Jul23,"Dates
1970-08-14    68.546079
Name: COCOA FUTURE      Jul23, dtype: float64",68.86090440755575,0.0
1970-08-18,LIVE CATTLE FUTR  Aug23,141.24490983129738,,-1830.1163130391449
1970-08-18,COTTON NO.2 FUTR  Jul23,72.07236574036331,,0.0
1970-08-18,SUGAR #11 (WORLD) Jul23,112.98277353889702,,-0.0
1970-08-18,WHEAT FUTURE(CBT) Jul23,119.2441177634964,,-0.0
1970-08-18,CORN FUTURE       Jul23,132.60554914996425,,-0.0
1970-08-18,SOYBEAN FUTURE    Jul23,116.32397639907003,,0.0
1970-08-18,COCOA FUTURE      Jul23,68.86090440755575,,0.0
1970-08-25,LIVE CATTLE FUTR  Aug23,"Dates
1970-08-18    141.24491
Name: LIVE CATTLE FUTR  Aug23, dtype: float64",139.15066899360104,-1830.1163130391449
1970-08-25,COTTON NO.2 FUTR  Jul23,"Dates
1970-08-18    72.072366
Name: COTTON NO.2 FUTR  Jul23, dtype: float64",72.67541357672546,0.0
1970-08-25,SUGAR #11 (WORLD) Jul23,"Dates
1970-08-18    112.982774
Name: SUGAR #11 (WORLD) Jul23, dtype: float64",118.07991819397449,-0.0
1970-08-25,WHEAT FUTURE(CBT) Jul23,"Dates
1970-08-18    119.244118
Name: WHEAT FUTURE(CBT) Jul23, dtype: float64",124.55693529869747,-0.0
1970-08-25,CORN FUTURE       Jul23,"Dates
1970-08-18    132.605549
Name: CORN FUTURE       Jul23, dtype: float64",137.72293501459637,-0.0
1970-08-25,SOYBEAN FUTURE    Jul23,"Dates
1970-08-18    116.323976
Name: SOYBEAN FUTURE    Jul23, dtype: float64",116.109422492401,0.0
1970-08-25,COCOA FUTURE      Jul23,"Dates
1970-08-18    68.860904
Name: COCOA FUTURE      Jul23, dtype: float64",70.00572409845442,0.0
1970-08-25,SOYBEAN FUTURE    Jul23,116.109422492401,,79.12435373361802
1970-08-25,LIVE CATTLE FUTR  Aug23,139.15066899360104,,-0.0
1970-08-25,COTTON NO.2 FUTR  Jul23,72.67541357672546,,0.0
1970-08-25,SUGAR #11 (WORLD) Jul23,118.07991819397449,,-0.0
1970-08-25,WHEAT FUTURE(CBT) Jul23,124.55693529869747,,-0.0
1970-08-25,CORN FUTURE       Jul23,137.72293501459637,,-0.0
1970-08-25,COCOA FUTURE      Jul23,70.00572409845442,,0.0
1970-10-26,SOYBEAN FUTURE    Jul23,"Dates
1970-08-25    116.109422
Name: SOYBEAN FUTURE    Jul23, dtype: float64",122.84999106025366,79.12435373361802
1970-10-26,LIVE CATTLE FUTR  Aug23,"Dates
1970-08-25    139.150669
Name: LIVE CATTLE FUTR  Aug23, dtype: float64",144.1747316092866,-0.0
1970-10-26,COTTON NO.2 FUTR  Jul23,"Dates
1970-08-25    72.675414
Name: COTTON NO.2 FUTR  Jul23, dtype: float64",69.88835465732207,0.0
1970-10-26,SUGAR #11 (WORLD) Jul23,"Dates
1970-08-25    118.079918
Name: SUGAR #11 (WORLD) Jul23, dtype: float64",117.07307480531723,-0.0
1970-10-26,WHEAT FUTURE(CBT) Jul23,"Dates
1970-08-25    124.556935
Name: WHEAT FUTURE(CBT) Jul23, dtype: float64",137.0221301415959,-0.0
1970-10-26,CORN FUTURE       Jul23,"Dates
1970-08-25    137.722935
Name: CORN FUTURE       Jul23, dtype: float64",130.69940877756767,-0.0
1970-10-26,COCOA FUTURE      Jul23,"Dates
1970-08-25    70.005724
Name: COCOA FUTURE      Jul23, dtype: float64",70.69261591299365,0.0
1970-10-26,CORN FUTURE       Jul23,130.69940877756767,,-4126.062743096298
1970-10-26,SOYBEAN FUTURE    Jul23,122.84999106025366,,0.0
1970-10-26,LIVE CATTLE FUTR  Aug23,144.1747316092866,,-0.0
1970-10-26,COTTON NO.2 FUTR  Jul23,69.88835465732207,,0.0
1970-10-26,SUGAR #11 (WORLD) Jul23,117.07307480531723,,-0.0
1970-10-26,WHEAT FUTURE(CBT) Jul23,137.0221301415959,,-0.0
1970-10-26,COCOA FUTURE      Jul23,70.69261591299365,,0.0
1970-11-06,CORN FUTURE       Jul23,"Dates
1970-10-26    130.699409
Name: CORN FUTURE       Jul23, dtype: float64",129.93155557736156,-4126.062743096298
1970-11-06,SOYBEAN FUTURE    Jul23,"Dates
1970-10-26    122.849991
Name: SOYBEAN FUTURE    Jul23, dtype: float64",122.54603969247252,0.0
1970-11-06,LIVE CATTLE FUTR  Aug23,"Dates
1970-10-26    144.174732
Name: LIVE CATTLE FUTR  Aug23, dtype: float64",139.85403775979688,-0.0
1970-11-06,COTTON NO.2 FUTR  Jul23,"Dates
1970-10-26    69.888355
Name: COTTON NO.2 FUTR  Jul23, dtype: float64",69.86390677206414,0.0
1970-11-06,SUGAR #11 (WORLD) Jul23,"Dates
1970-10-26    117.073075
Name: SUGAR #11 (WORLD) Jul23, dtype: float64",125.12782191457542,-0.0
1970-11-06,WHEAT FUTURE(CBT) Jul23,"Dates
1970-10-26    137.02213
Name: WHEAT FUTURE(CBT) Jul23, dtype: float64",138.19659800208495,-0.0
1970-11-06,COCOA FUTURE      Jul23,"Dates
1970-10-26    70.692616
Name: COCOA FUTURE      Jul23, dtype: float64",65.14024041213506,0.0
1970-11-06,CORN FUTURE       Jul23,129.93155557736156,,-4165.096357491235
1970-11-06,SOYBEAN FUTURE    Jul23,122.54603969247252,,0.0
1970-11-06,LIVE CATTLE FUTR  Aug23,139.85403775979688,,-0.0
1970-11-06,COTTON NO.2 FUTR  Jul23,69.86390677206414,,0.0
1970-11-06,SUGAR #11 (WORLD) Jul23,125.12782191457542,,-0.0
1970-11-06,WHEAT FUTURE(CBT) Jul23,138.19659800208495,,-0.0
1970-11-06,COCOA FUTURE      Jul23,65.14024041213506,,0.0
1970-11-09,CORN FUTURE       Jul23,"Dates
1970-11-06    129.931556
Name: CORN FUTURE       Jul23, dtype: float64",130.0444030125356,-4165.096357491235
1970-11-09,SOYBEAN FUTURE    Jul23,"Dates
1970-11-06    122.54604
Name: SOYBEAN FUTURE    Jul23, dtype: float64",122.24208832469137,0.0
1970-11-09,LIVE CATTLE FUTR  Aug23,"Dates
1970-11-06    139.854038
Name: LIVE CATTLE FUTR  Aug23, dtype: float64",140.09730816013536,-0.0
1970-11-09,COTTON NO.2 FUTR  Jul23,"Dates
1970-11-06    69.863907
Name: COTTON NO.2 FUTR  Jul23, dtype: float64",69.04897726346664,0.0
1970-11-09,SUGAR #11 (WORLD) Jul23,"Dates
1970-11-06    125.127822
Name: SUGAR #11 (WORLD) Jul23, dtype: float64",124.26649885943502,-0.0
1970-11-09,WHEAT FUTURE(CBT) Jul23,"Dates
1970-11-06    138.196598
Name: WHEAT FUTURE(CBT) Jul23, dtype: float64",138.3919027698966,-0.0
1970-11-09,COCOA FUTURE      Jul23,"Dates
1970-11-06    65.14024
Name: COCOA FUTURE      Jul23, dtype: float64",65.626788780767,0.0
1970-11-09,CORN FUTURE       Jul23,130.0444030125356,,-4128.686312861287
1970-11-09,SOYBEAN FUTURE    Jul23,122.24208832469137,,0.0
1970-11-09,LIVE CATTLE FUTR  Aug23,140.09730816013536,,-0.0
1970-11-09,COTTON NO.2 FUTR  Jul23,69.04897726346664,,0.0
1970-11-09,SUGAR #11 (WORLD) Jul23,124.26649885943502,,-0.0
1970-11-09,WHEAT FUTURE(CBT) Jul23,138.3919027698966,,-0.0
1970-11-09,COCOA FUTURE      Jul23,65.626788780767,,0.0
1970-12-17,CORN FUTURE       Jul23,"Dates
1970-11-09    130.044403
Name: CORN FUTURE       Jul23, dtype: float64",131.02077864730245,-4128.686312861287
1970-12-17,SOYBEAN FUTURE    Jul23,"Dates
1970-11-09    122.242088
Name: SOYBEAN FUTURE    Jul23, dtype: float64",119.56016449132817,0.0
1970-12-17,LIVE CATTLE FUTR  Aug23,"Dates
1970-11-09    140.097308
Name: LIVE CATTLE FUTR  Aug23, dtype: float64",136.76556137289114,-0.0
1970-12-17,COTTON NO.2 FUTR  Jul23,"Dates
1970-11-09    69.048977
Name: COTTON NO.2 FUTR  Jul23, dtype: float64",67.47616331187344,0.0
1970-12-17,SUGAR #11 (WORLD) Jul23,"Dates
1970-11-09    124.266499
Name: SUGAR #11 (WORLD) Jul23, dtype: float64",123.97939117438825,-0.0
1970-12-17,WHEAT FUTURE(CBT) Jul23,"Dates
1970-11-09    138.391903
Name: WHEAT FUTURE(CBT) Jul23, dtype: float64",131.2514021034851,-0.0
1970-12-17,COCOA FUTURE      Jul23,"Dates
1970-11-09    65.626789
Name: COCOA FUTURE      Jul23, dtype: float64",58.44304522037777,0.0
1970-12-17,SOYBEAN FUTURE    Jul23,119.56016449132817,,-217.02096567678072
1970-12-17,CORN FUTURE       Jul23,131.02077864730245,,-0.0
1970-12-17,LIVE CATTLE FUTR  Aug23,136.76556137289114,,-0.0
1970-12-17,COTTON NO.2 FUTR  Jul23,67.47616331187344,,0.0
1970-12-17,SUGAR #11 (WORLD) Jul23,123.97939117438825,,-0.0
1970-12-17,WHEAT FUTURE(CBT) Jul23,131.2514021034851,,-0.0
1970-12-17,COCOA FUTURE      Jul23,58.44304522037777,,0.0
1970-12-18,SOYBEAN FUTURE    Jul23,"Dates
1970-12-17    119.560164
Name: SOYBEAN FUTURE    Jul23, dtype: float64",120.15018773466805,-217.02096567678072
1970-12-18,CORN FUTURE       Jul23,"Dates
1970-12-17    131.020779
Name: CORN FUTURE       Jul23, dtype: float64",131.4574491573238,-0.0
1970-12-18,LIVE CATTLE FUTR  Aug23,"Dates
1970-12-17    136.765561
Name: LIVE CATTLE FUTR  Aug23, dtype: float64",138.616531810249,-0.0
1970-12-18,COTTON NO.2 FUTR  Jul23,"Dates
1970-12-17    67.476163
Name: COTTON NO.2 FUTR  Jul23, dtype: float64",67.50061119713136,0.0
1970-12-18,SUGAR #11 (WORLD) Jul23,"Dates
1970-12-17    123.979391
Name: SUGAR #11 (WORLD) Jul23, dtype: float64",124.26649885943505,-0.0
1970-12-18,WHEAT FUTURE(CBT) Jul23,"Dates
1970-12-17    131.251402
Name: WHEAT FUTURE(CBT) Jul23, dtype: float64",131.643331265918,-0.0
1970-12-18,COCOA FUTURE      Jul23,"Dates
1970-12-17    58.443045
Name: COCOA FUTURE      Jul23, dtype: float64",58.35718374356037,0.0
1970-12-18,COTTON NO.2 FUTR  Jul23,67.50061119713136,,13199.287055139292
1970-12-18,SOYBEAN FUTURE    Jul23,120.15018773466805,,-0.0
1970-12-18,CORN FUTURE       Jul23,131.4574491573238,,-0.0
1970-12-18,LIVE CATTLE FUTR  Aug23,138.616531810249,,-0.0
1970-12-18,SUGAR #11 (WORLD) Jul23,124.26649885943505,,-0.0
1970-12-18,WHEAT FUTURE(CBT) Jul23,131.643331265918,,-0.0
1970-12-18,COCOA FUTURE      Jul23,58.35718374356037,,0.0
1971-01-06,COTTON NO.2 FUTR  Jul23,"Dates
1970-12-18    67.500611
Name: COTTON NO.2 FUTR  Jul23, dtype: float64",66.68568168853385,13199.287055139292
1971-01-06,SOYBEAN FUTURE    Jul23,"Dates
1970-12-18    120.150188
Name: SOYBEAN FUTURE    Jul23, dtype: float64",118.4873949579829,-0.0
1971-01-06,CORN FUTURE       Jul23,"Dates
1970-12-18    131.457449
Name: CORN FUTURE       Jul23, dtype: float64",134.79135490518337,-0.0
1971-01-06,LIVE CATTLE FUTR  Aug23,"Dates
1970-12-18    138.616532
Name: LIVE CATTLE FUTR  Aug23, dtype: float64",140.69490718705373,-0.0
1971-01-06,SUGAR #11 (WORLD) Jul23,"Dates
1970-12-18    124.266499
Name: SUGAR #11 (WORLD) Jul23, dtype: float64",136.34468654133542,-0.0
1971-01-06,WHEAT FUTURE(CBT) Jul23,"Dates
1970-12-18    131.643331
Name: WHEAT FUTURE(CBT) Jul23, dtype: float64",131.35169374101002,-0.0
1971-01-06,COCOA FUTURE      Jul23,"Dates
1970-12-18    58.357184
Name: COCOA FUTURE      Jul23, dtype: float64",55.838580423583274,0.0
1971-01-06,SOYBEAN FUTURE    Jul23,118.4873949579829,,-260.4843951400831
1971-01-06,COTTON NO.2 FUTR  Jul23,66.68568168853385,,0.0
1971-01-06,CORN FUTURE       Jul23,134.79135490518337,,-0.0
1971-01-06,LIVE CATTLE FUTR  Aug23,140.69490718705373,,-0.0
1971-01-06,SUGAR #11 (WORLD) Jul23,136.34468654133542,,-0.0
1971-01-06,WHEAT FUTURE(CBT) Jul23,131.35169374101002,,-0.0
1971-01-06,COCOA FUTURE      Jul23,55.838580423583274,,0.0
1971-01-07,SOYBEAN FUTURE    Jul23,"Dates
1971-01-06    118.487395
Name: SOYBEAN FUTURE    Jul23, dtype: float64",118.70194886465195,-260.4843951400831
1971-01-07,COTTON NO.2 FUTR  Jul23,"Dates
1971-01-06    66.685682
Name: COTTON NO.2 FUTR  Jul23, dtype: float64",66.81607040990946,0.0
1971-01-07,CORN FUTURE       Jul23,"Dates
1971-01-06    134.791355
Name: CORN FUTURE       Jul23, dtype: float64",133.8198856806415,-0.0
1971-01-07,LIVE CATTLE FUTR  Aug23,"Dates
1971-01-06    140.694907
Name: LIVE CATTLE FUTR  Aug23, dtype: float64",139.83817229890522,-0.0
1971-01-07,SUGAR #11 (WORLD) Jul23,"Dates
1971-01-06    136.344687
Name: SUGAR #11 (WORLD) Jul23, dtype: float64",132.32124596869323,-0.0
1971-01-07,WHEAT FUTURE(CBT) Jul23,"Dates
1971-01-06    131.351694
Name: WHEAT FUTURE(CBT) Jul23, dtype: float64",130.95844495176763,-0.0
1971-01-07,COCOA FUTURE      Jul23,"Dates
1971-01-06    55.83858
Name: COCOA FUTURE      Jul23, dtype: float64",57.32684602175156,0.0
1971-01-07,SOYBEAN FUTURE    Jul23,118.70194886465195,,-267.2847761209435
1971-01-07,COTTON NO.2 FUTR  Jul23,66.81607040990946,,0.0
1971-01-07,CORN FUTURE       Jul23,133.8198856806415,,-0.0
1971-01-07,LIVE CATTLE FUTR  Aug23,139.83817229890522,,-0.0
1971-01-07,SUGAR #11 (WORLD) Jul23,132.32124596869323,,-0.0
1971-01-07,WHEAT FUTURE(CBT) Jul23,130.95844495176763,,-0.0
1971-01-07,COCOA FUTURE      Jul23,57.32684602175156,,0.0
1971-02-03,SOYBEAN FUTURE    Jul23,"Dates
1971-01-07    118.701949
Name: SOYBEAN FUTURE    Jul23, dtype: float64",121.5805471124617,-267.2847761209435
1971-02-03,COTTON NO.2 FUTR  Jul23,"Dates
1971-01-07    66.81607
Name: COTTON NO.2 FUTR  Jul23, dtype: float64",67.57395485290516,0.0
1971-02-03,CORN FUTURE       Jul23,"Dates
1971-01-07    133.819886
Name: CORN FUTURE       Jul23, dtype: float64",131.8867600520077,-0.0
1971-02-03,LIVE CATTLE FUTR  Aug23,"Dates
1971-01-07    139.838172
Name: LIVE CATTLE FUTR  Aug23, dtype: float64",162.4147231477074,-0.0
1971-02-03,SUGAR #11 (WORLD) Jul23,"Dates
1971-01-07    132.321246
Name: SUGAR #11 (WORLD) Jul23, dtype: float64",142.96389522535955,-0.0
1971-02-03,WHEAT FUTURE(CBT) Jul23,"Dates
1971-01-07    130.958445
Name: WHEAT FUTURE(CBT) Jul23, dtype: float64",133.01838240145693,-0.0
1971-02-03,COCOA FUTURE      Jul23,"Dates
1971-01-07    57.326846
Name: COCOA FUTURE      Jul23, dtype: float64",51.545506582713216,0.0
1971-02-03,WHEAT FUTURE(CBT) Jul23,133.01838240145693,,-5509.430107265211
1971-02-03,SOYBEAN FUTURE    Jul23,121.5805471124617,,-0.0
1971-02-03,COTTON NO.2 FUTR  Jul23,67.57395485290516,,0.0
1971-02-03,CORN FUTURE       Jul23,131.8867600520077,,-0.0
1971-02-03,LIVE CATTLE FUTR  Aug23,162.4147231477074,,-0.0
1971-02-03,SUGAR #11 (WORLD) Jul23,142.96389522535955,,-0.0
1971-02-03,COCOA FUTURE      Jul23,51.545506582713216,,0.0
1971-02-04,WHEAT FUTURE(CBT) Jul23,"Dates
1971-02-03    133.018382
Name: WHEAT FUTURE(CBT) Jul23, dtype: float64",133.31661806041257,-5509.430107265211
1971-02-04,SOYBEAN FUTURE    Jul23,"Dates
1971-02-03    121.580547
Name: SOYBEAN FUTURE    Jul23, dtype: float64",121.04416234578908,-0.0
1971-02-04,COTTON NO.2 FUTR  Jul23,"Dates
1971-02-03    67.573955
Name: COTTON NO.2 FUTR  Jul23, dtype: float64",67.40281965609968,0.0
1971-02-04,CORN FUTURE       Jul23,"Dates
1971-02-03    131.88676
Name: CORN FUTURE       Jul23, dtype: float64",132.31607094669158,-0.0
1971-02-04,LIVE CATTLE FUTR  Aug23,"Dates
1971-02-03    162.414723
Name: LIVE CATTLE FUTR  Aug23, dtype: float64",162.29308794753817,-0.0
1971-02-04,SUGAR #11 (WORLD) Jul23,"Dates
1971-02-03    142.963895
Name: SUGAR #11 (WORLD) Jul23, dtype: float64",142.385746873279,-0.0
1971-02-04,COCOA FUTURE      Jul23,"Dates
1971-02-03    51.545507
Name: COCOA FUTURE      Jul23, dtype: float64",51.83171150543789,0.0
1971-02-04,WHEAT FUTURE(CBT) Jul23,133.31661806041257,,-5557.6219772089435
1971-02-04,SOYBEAN FUTURE    Jul23,121.04416234578908,,-0.0
1971-02-04,COTTON NO.2 FUTR  Jul23,67.40281965609968,,0.0
1971-02-04,CORN FUTURE       Jul23,132.31607094669158,,-0.0
1971-02-04,LIVE CATTLE FUTR  Aug23,162.29308794753817,,-0.0
1971-02-04,SUGAR #11 (WORLD) Jul23,142.385746873279,,-0.0
1971-02-04,COCOA FUTURE      Jul23,51.83171150543789,,0.0
1971-03-01,WHEAT FUTURE(CBT) Jul23,"Dates
1971-02-04    133.316618
Name: WHEAT FUTURE(CBT) Jul23, dtype: float64",131.4453872444873,-5557.6219772089435
1971-03-01,SOYBEAN FUTURE    Jul23,"Dates
1971-02-04    121.044162
Name: SOYBEAN FUTURE    Jul23, dtype: float64",119.22045413910219,-0.0
1971-03-01,COTTON NO.2 FUTR  Jul23,"Dates
1971-02-04    67.40282
Name: COTTON NO.2 FUTR  Jul23, dtype: float64",68.51927308287824,0.0
1971-03-01,CORN FUTURE       Jul23,"Dates
1971-02-04    132.316071
Name: CORN FUTURE       Jul23, dtype: float64",128.3467850746998,-0.0
1971-03-01,LIVE CATTLE FUTR  Aug23,"Dates
1971-02-04    162.293088
Name: LIVE CATTLE FUTR  Aug23, dtype: float64",161.7959701729335,-0.0
1971-03-01,SUGAR #11 (WORLD) Jul23,"Dates
1971-02-04    142.385747
Name: SUGAR #11 (WORLD) Jul23, dtype: float64",141.52835680012558,-0.0
1971-03-01,COCOA FUTURE      Jul23,"Dates
1971-02-04    51.831712
Name: COCOA FUTURE      Jul23, dtype: float64",46.794504865483695,0.0
1971-03-01,SUGAR #11 (WORLD) Jul23,141.52835680012558,,-31754.382515996975
1971-03-01,WHEAT FUTURE(CBT) Jul23,131.4453872444873,,-0.0
1971-03-01,SOYBEAN FUTURE    Jul23,119.22045413910219,,-0.0
1971-03-01,COTTON NO.2 FUTR  Jul23,68.51927308287824,,0.0
1971-03-01,CORN FUTURE       Jul23,128.3467850746998,,-0.0
1971-03-01,LIVE CATTLE FUTR  Aug23,161.7959701729335,,-0.0
1971-03-01,COCOA FUTURE      Jul23,46.794504865483695,,0.0
1971-03-02,SUGAR #11 (WORLD) Jul23,"Dates
1971-03-01    141.528357
Name: SUGAR #11 (WORLD) Jul23, dtype: float64",141.24124911507877,-31754.382515996975
1971-03-02,WHEAT FUTURE(CBT) Jul23,"Dates
1971-03-01    131.445387
Name: WHEAT FUTURE(CBT) Jul23, dtype: float64",132.33349608730657,-0.0
1971-03-02,SOYBEAN FUTURE    Jul23,"Dates
1971-03-01    119.220454
Name: SOYBEAN FUTURE    Jul23, dtype: float64",119.22045413910219,-0.0
1971-03-02,COTTON NO.2 FUTR  Jul23,"Dates
1971-03-01    68.519273
Name: COTTON NO.2 FUTR  Jul23, dtype: float64",67.7532393447966,0.0
1971-03-02,CORN FUTURE       Jul23,"Dates
1971-03-01    128.346785
Name: CORN FUTURE       Jul23, dtype: float64",130.49579275323177,-0.0
1971-03-02,LIVE CATTLE FUTR  Aug23,"Dates
1971-03-01    161.79597
Name: LIVE CATTLE FUTR  Aug23, dtype: float64",163.58876725368867,-0.0
1971-03-02,COCOA FUTURE      Jul23,"Dates
1971-03-01    46.794505
Name: COCOA FUTURE      Jul23, dtype: float64",46.62278191184889,0.0
1971-03-02,COTTON NO.2 FUTR  Jul23,67.7532393447966,,-13722.432651175568
1971-03-02,SUGAR #11 (WORLD) Jul23,141.24124911507877,,-31594.008105893994
1971-03-02,WHEAT FUTURE(CBT) Jul23,132.33349608730657,,-0.0
1971-03-02,SOYBEAN FUTURE    Jul23,119.22045413910219,,-0.0
1971-03-02,CORN FUTURE       Jul23,130.49579275323177,,-0.0
1971-03-02,LIVE CATTLE FUTR  Aug23,163.58876725368867,,-0.0
1971-03-02,COCOA FUTURE      Jul23,46.62278191184889,,0.0
1971-03-04,COTTON NO.2 FUTR  Jul23,"Dates
1971-03-02    67.753239
Name: COTTON NO.2 FUTR  Jul23, dtype: float64",67.63099991850696,-13722.432651175568
1971-03-04,SUGAR #11 (WORLD) Jul23,"Dates
1971-03-02    141.241249
Name: SUGAR #11 (WORLD) Jul23, dtype: float64",143.25886887438025,-31594.008105893994
1971-03-04,WHEAT FUTURE(CBT) Jul23,"Dates
1971-03-02    132.333496
Name: WHEAT FUTURE(CBT) Jul23, dtype: float64",131.64201163910855,-0.0
1971-03-04,SOYBEAN FUTURE    Jul23,"Dates
1971-03-02    119.220454
Name: SOYBEAN FUTURE    Jul23, dtype: float64",119.25621312354703,-0.0
1971-03-04,CORN FUTURE       Jul23,"Dates
1971-03-02    130.495793
Name: CORN FUTURE       Jul23, dtype: float64",130.38294531805772,-0.0
1971-03-04,LIVE CATTLE FUTR  Aug23,"Dates
1971-03-02    163.588767
Name: LIVE CATTLE FUTR  Aug23, dtype: float64",162.695012956793,-0.0
1971-03-04,COCOA FUTURE      Jul23,"Dates
1971-03-02    46.622782
Name: COCOA FUTURE      Jul23, dtype: float64",47.99656554092731,0.0
1971-03-04,CORN FUTURE       Jul23,130.38294531805772,,-5111.251972939825
1971-03-04,COTTON NO.2 FUTR  Jul23,67.63099991850696,,0.0
1971-03-04,SUGAR #11 (WORLD) Jul23,143.25886887438025,,-0.0
1971-03-04,WHEAT FUTURE(CBT) Jul23,131.64201163910855,,-0.0
1971-03-04,SOYBEAN FUTURE    Jul23,119.25621312354703,,-0.0
1971-03-04,LIVE CATTLE FUTR  Aug23,162.695012956793,,-0.0
1971-03-04,COCOA FUTURE      Jul23,47.99656554092731,,0.0
1971-04-30,CORN FUTURE       Jul23,"Dates
1971-03-04    130.382945
Name: CORN FUTURE       Jul23, dtype: float64",121.2128646076096,-5111.251972939825
1971-04-30,COTTON NO.2 FUTR  Jul23,"Dates
1971-03-04    67.631
Name: COTTON NO.2 FUTR  Jul23, dtype: float64",70.22247575584701,0.0
1971-04-30,SUGAR #11 (WORLD) Jul23,"Dates
1971-03-04    143.258869
Name: SUGAR #11 (WORLD) Jul23, dtype: float64",125.38739872571354,-0.0
1971-04-30,WHEAT FUTURE(CBT) Jul23,"Dates
1971-03-04    131.642012
Name: WHEAT FUTURE(CBT) Jul23, dtype: float64",126.72112326634043,-0.0
1971-04-30,SOYBEAN FUTURE    Jul23,"Dates
1971-03-04    119.256213
Name: SOYBEAN FUTURE    Jul23, dtype: float64",114.07116037904488,-0.0
1971-04-30,LIVE CATTLE FUTR  Aug23,"Dates
1971-03-04    162.695013
Name: LIVE CATTLE FUTR  Aug23, dtype: float64",170.77582103760105,-0.0
1971-04-30,COCOA FUTURE      Jul23,"Dates
1971-03-04    47.996566
Name: COCOA FUTURE      Jul23, dtype: float64",49.198626216370926,0.0
1971-04-30,SOYBEAN FUTURE    Jul23,114.07116037904488,,-2815.837371650339
1971-04-30,CORN FUTURE       Jul23,121.2128646076096,,-0.0
1971-04-30,COTTON NO.2 FUTR  Jul23,70.22247575584701,,0.0
1971-04-30,SUGAR #11 (WORLD) Jul23,125.38739872571354,,-0.0
1971-04-30,WHEAT FUTURE(CBT) Jul23,126.72112326634043,,-0.0
1971-04-30,LIVE CATTLE FUTR  Aug23,170.77582103760105,,-0.0
1971-04-30,COCOA FUTURE      Jul23,49.198626216370926,,0.0
1971-05-03,SOYBEAN FUTURE    Jul23,"Dates
1971-04-30    114.07116
Name: SOYBEAN FUTURE    Jul23, dtype: float64",113.92812444126552,-2815.837371650339
1971-05-03,CORN FUTURE       Jul23,"Dates
1971-04-30    121.212865
Name: CORN FUTURE       Jul23, dtype: float64",121.52687486200696,-0.0
1971-05-03,COTTON NO.2 FUTR  Jul23,"Dates
1971-04-30    70.222476
Name: COTTON NO.2 FUTR  Jul23, dtype: float64",69.74981664086046,0.0
1971-05-03,SUGAR #11 (WORLD) Jul23,"Dates
1971-04-30    125.387399
Name: SUGAR #11 (WORLD) Jul23, dtype: float64",123.71194839927604,-0.0
1971-05-03,WHEAT FUTURE(CBT) Jul23,"Dates
1971-04-30    126.721123
Name: WHEAT FUTURE(CBT) Jul23, dtype: float64",126.02699956452331,-0.0
1971-05-03,LIVE CATTLE FUTR  Aug23,"Dates
1971-04-30    170.775821
Name: LIVE CATTLE FUTR  Aug23, dtype: float64",172.7590036490559,-0.0
1971-05-03,COCOA FUTURE      Jul23,"Dates
1971-04-30    49.198626
Name: COCOA FUTURE      Jul23, dtype: float64",48.28277046365198,0.0
1971-05-03,SOYBEAN FUTURE    Jul23,113.92812444126552,,-2818.250161942586
1971-05-03,CORN FUTURE       Jul23,121.52687486200696,,-0.0
1971-05-03,COTTON NO.2 FUTR  Jul23,69.74981664086046,,0.0
1971-05-03,SUGAR #11 (WORLD) Jul23,123.71194839927604,,-0.0
1971-05-03,WHEAT FUTURE(CBT) Jul23,126.02699956452331,,-0.0
1971-05-03,LIVE CATTLE FUTR  Aug23,172.7590036490559,,-0.0
1971-05-03,COCOA FUTURE      Jul23,48.28277046365198,,0.0
1971-05-04,SOYBEAN FUTURE    Jul23,"Dates
1971-05-03    113.928124
Name: SOYBEAN FUTURE    Jul23, dtype: float64",114.12479885571214,-2818.250161942586
1971-05-04,CORN FUTURE       Jul23,"Dates
1971-05-03    121.526875
Name: CORN FUTURE       Jul23, dtype: float64",120.0426857689569,-0.0
1971-05-04,COTTON NO.2 FUTR  Jul23,"Dates
1971-05-03    69.749817
Name: COTTON NO.2 FUTR  Jul23, dtype: float64",70.27137152636286,0.0
1971-05-04,SUGAR #11 (WORLD) Jul23,"Dates
1971-05-03    123.711948
Name: SUGAR #11 (WORLD) Jul23, dtype: float64",120.91953118854687,-0.0
1971-05-04,WHEAT FUTURE(CBT) Jul23,"Dates
1971-05-03    126.027
Name: WHEAT FUTURE(CBT) Jul23, dtype: float64",126.32259596985989,-0.0
1971-05-04,LIVE CATTLE FUTR  Aug23,"Dates
1971-05-03    172.759004
Name: LIVE CATTLE FUTR  Aug23, dtype: float64",173.15564017134687,-0.0
1971-05-04,COCOA FUTURE      Jul23,"Dates
1971-05-03    48.28277
Name: COCOA FUTURE      Jul23, dtype: float64",47.5672581568403,0.0
1971-05-04,SOYBEAN FUTURE    Jul23,114.12479885571214,,-2818.1935329586613
1971-05-04,CORN FUTURE       Jul23,120.0426857689569,,-0.0
1971-05-04,COTTON NO.2 FUTR  Jul23,70.27137152636286,,0.0
1971-05-04,SUGAR #11 (WORLD) Jul23,120.91953118854687,,-0.0
1971-05-04,WHEAT FUTURE(CBT) Jul23,126.32259596985989,,-0.0
1971-05-04,LIVE CATTLE FUTR  Aug23,173.15564017134687,,-0.0
1971-05-04,COCOA FUTURE      Jul23,47.5672581568403,,0.0
1971-06-22,SOYBEAN FUTURE    Jul23,"Dates
1971-05-04    114.124799
Name: SOYBEAN FUTURE    Jul23, dtype: float64",127.53441802252775,-2818.1935329586613
1971-06-22,CORN FUTURE       Jul23,"Dates
1971-05-04    120.042686
Name: CORN FUTURE       Jul23, dtype: float64",131.5874690282852,-0.0
1971-06-22,COTTON NO.2 FUTR  Jul23,"Dates
1971-05-04    70.271372
Name: COTTON NO.2 FUTR  Jul23, dtype: float64",67.89992665634406,0.0
1971-06-22,SUGAR #11 (WORLD) Jul23,"Dates
1971-05-04    120.919531
Name: SUGAR #11 (WORLD) Jul23, dtype: float64",119.52332258318222,-0.0
1971-06-22,WHEAT FUTURE(CBT) Jul23,"Dates
1971-05-04    126.322596
Name: WHEAT FUTURE(CBT) Jul23, dtype: float64",147.16610142651672,-0.0
1971-06-22,LIVE CATTLE FUTR  Aug23,"Dates
1971-05-04    173.15564
Name: LIVE CATTLE FUTR  Aug23, dtype: float64",169.96139404516362,-0.0
1971-06-22,COCOA FUTURE      Jul23,"Dates
1971-05-04    47.567258
Name: COCOA FUTURE      Jul23, dtype: float64",48.56897538637667,0.0
1971-06-22,COTTON NO.2 FUTR  Jul23,67.89992665634406,,12206.352311376753
1971-06-22,SOYBEAN FUTURE    Jul23,127.53441802252775,,-0.0
1971-06-22,CORN FUTURE       Jul23,131.5874690282852,,-0.0
1971-06-22,SUGAR #11 (WORLD) Jul23,119.52332258318222,,-0.0
1971-06-22,WHEAT FUTURE(CBT) Jul23,147.16610142651672,,-0.0
1971-06-22,LIVE CATTLE FUTR  Aug23,169.96139404516362,,-0.0
1971-06-22,COCOA FUTURE      Jul23,48.56897538637667,,0.0
1971-07-20,COTTON NO.2 FUTR  Jul23,"Dates
1971-06-22    67.899927
Name: COTTON NO.2 FUTR  Jul23, dtype: float64",66.05003667182774,12206.352311376753
1971-07-20,SOYBEAN FUTURE    Jul23,"Dates
1971-06-22    127.534418
Name: SOYBEAN FUTURE    Jul23, dtype: float64",133.38101197925937,-0.0
1971-07-20,CORN FUTURE       Jul23,"Dates
1971-06-22    131.587469
Name: CORN FUTURE       Jul23, dtype: float64",123.50906459289035,-0.0
1971-07-20,SUGAR #11 (WORLD) Jul23,"Dates
1971-06-22    119.523323
Name: SUGAR #11 (WORLD) Jul23, dtype: float64",112.87265004326248,-0.0
1971-07-20,WHEAT FUTURE(CBT) Jul23,"Dates
1971-06-22    147.166101
Name: WHEAT FUTURE(CBT) Jul23, dtype: float64",139.78674830757873,-0.0
1971-07-20,LIVE CATTLE FUTR  Aug23,"Dates
1971-06-22    169.961394
Name: LIVE CATTLE FUTR  Aug23, dtype: float64",179.3273044581944,-0.0
1971-07-20,COCOA FUTURE      Jul23,"Dates
1971-06-22    48.568975
Name: COCOA FUTURE      Jul23, dtype: float64",50.82999427590157,0.0
1971-07-20,COTTON NO.2 FUTR  Jul23,66.05003667182774,,-12502.641105202383
1971-07-20,SOYBEAN FUTURE    Jul23,133.38101197925937,,-0.0
1971-07-20,CORN FUTURE       Jul23,123.50906459289035,,-0.0
1971-07-20,SUGAR #11 (WORLD) Jul23,112.87265004326248,,-0.0
1971-07-20,WHEAT FUTURE(CBT) Jul23,139.78674830757873,,-0.0
1971-07-20,LIVE CATTLE FUTR  Aug23,179.3273044581944,,-0.0
1971-07-20,COCOA FUTURE      Jul23,50.82999427590157,,0.0
1971-09-09,COTTON NO.2 FUTR  Jul23,"Dates
1971-07-20    66.050037
Name: COTTON NO.2 FUTR  Jul23, dtype: float64",66.87311547551127,-12502.641105202383
1971-09-09,SOYBEAN FUTURE    Jul23,"Dates
1971-07-20    133.381012
Name: SOYBEAN FUTURE    Jul23, dtype: float64",124.65581977471795,-0.0
1971-09-09,CORN FUTURE       Jul23,"Dates
1971-07-20    123.509065
Name: CORN FUTURE       Jul23, dtype: float64",99.0726884674825,-0.0
1971-09-09,SUGAR #11 (WORLD) Jul23,"Dates
1971-07-20    112.87265
Name: SUGAR #11 (WORLD) Jul23, dtype: float64",109.60040903012629,-0.0
1971-09-09,WHEAT FUTURE(CBT) Jul23,"Dates
1971-07-20    139.786748
Name: WHEAT FUTURE(CBT) Jul23, dtype: float64",131.9244117763497,-0.0
1971-09-09,LIVE CATTLE FUTR  Aug23,"Dates
1971-07-20    179.327304
Name: LIVE CATTLE FUTR  Aug23, dtype: float64",187.48743984346075,-0.0
1971-09-09,COCOA FUTURE      Jul23,"Dates
1971-07-20    50.829994
Name: COCOA FUTURE      Jul23, dtype: float64",47.30967372638812,0.0
1971-09-09,COTTON NO.2 FUTR  Jul23,66.87311547551127,,12502.213569426121
1971-09-09,SOYBEAN FUTURE    Jul23,124.65581977471795,,-0.0
1971-09-09,CORN FUTURE       Jul23,99.0726884674825,,-0.0
1971-09-09,SUGAR #11 (WORLD) Jul23,109.60040903012629,,-0.0
1971-09-09,WHEAT FUTURE(CBT) Jul23,131.9244117763497,,-0.0
1971-09-09,LIVE CATTLE FUTR  Aug23,187.48743984346075,,-0.0
1971-09-09,COCOA FUTURE      Jul23,47.30967372638812,,0.0
1971-09-27,COTTON NO.2 FUTR  Jul23,"Dates
1971-09-09    66.873115
Name: COTTON NO.2 FUTR  Jul23, dtype: float64",67.67174639393684,12502.213569426121
1971-09-27,SOYBEAN FUTURE    Jul23,"Dates
1971-09-09    124.65582
Name: SOYBEAN FUTURE    Jul23, dtype: float64",119.95351332022125,-0.0
1971-09-27,CORN FUTURE       Jul23,"Dates
1971-09-09    99.072688
Name: CORN FUTURE       Jul23, dtype: float64",92.92740966072147,-0.0
1971-09-27,SUGAR #11 (WORLD) Jul23,"Dates
1971-09-09    109.600409
Name: SUGAR #11 (WORLD) Jul23, dtype: float64",110.69377802249626,-0.0
1971-09-27,WHEAT FUTURE(CBT) Jul23,"Dates
1971-09-09    131.924412
Name: WHEAT FUTURE(CBT) Jul23, dtype: float64",129.07137861412798,-0.0
1971-09-27,LIVE CATTLE FUTR  Aug23,"Dates
1971-09-09    187.48744
Name: LIVE CATTLE FUTR  Aug23, dtype: float64",188.20667407054836,-0.0
1971-09-27,COCOA FUTURE      Jul23,"Dates
1971-09-09    47.309674
Name: COCOA FUTURE      Jul23, dtype: float64",44.2759015455066,0.0
1971-09-27,SUGAR #11 (WORLD) Jul23,110.69377802249626,,-29039.43510568049
1971-09-27,COTTON NO.2 FUTR  Jul23,67.67174639393684,,0.0
1971-09-27,SOYBEAN FUTURE    Jul23,119.95351332022125,,-0.0
1971-09-27,CORN FUTURE       Jul23,92.92740966072147,,-0.0
1971-09-27,WHEAT FUTURE(CBT) Jul23,129.07137861412798,,-0.0
1971-09-27,LIVE CATTLE FUTR  Aug23,188.20667407054836,,-0.0
1971-09-27,COCOA FUTURE      Jul23,44.2759015455066,,0.0
1971-10-20,SUGAR #11 (WORLD) Jul23,"Dates
1971-09-27    110.693778
Name: SUGAR #11 (WORLD) Jul23, dtype: float64",106.7371981436321,-29039.43510568049
1971-10-20,COTTON NO.2 FUTR  Jul23,"Dates
1971-09-27    67.671746
Name: COTTON NO.2 FUTR  Jul23, dtype: float64",67.1257436231765,0.0
1971-10-20,SOYBEAN FUTURE    Jul23,"Dates
1971-09-27    119.953513
Name: SOYBEAN FUTURE    Jul23, dtype: float64",124.19095297693498,-0.0
1971-10-20,CORN FUTURE       Jul23,"Dates
1971-09-27    92.92741
Name: CORN FUTURE       Jul23, dtype: float64",96.92122758383798,-0.0
1971-10-20,WHEAT FUTURE(CBT) Jul23,"Dates
1971-09-27    129.071379
Name: WHEAT FUTURE(CBT) Jul23, dtype: float64",139.22062840628672,-0.0
1971-10-20,LIVE CATTLE FUTR  Aug23,"Dates
1971-09-27    188.206674
Name: LIVE CATTLE FUTR  Aug23, dtype: float64",191.96149981490282,-0.0
1971-10-20,COCOA FUTURE      Jul23,"Dates
1971-09-27    44.275902
Name: COCOA FUTURE      Jul23, dtype: float64",42.95935890097309,0.0
1971-10-20,SUGAR #11 (WORLD) Jul23,106.7371981436321,,-28606.232940693597
1971-10-20,COTTON NO.2 FUTR  Jul23,67.1257436231765,,0.0
1971-10-20,SOYBEAN FUTURE    Jul23,124.19095297693498,,-0.0
1971-10-20,CORN FUTURE       Jul23,96.92122758383798,,-0.0
1971-10-20,WHEAT FUTURE(CBT) Jul23,139.22062840628672,,-0.0
1971-10-20,LIVE CATTLE FUTR  Aug23,191.96149981490282,,-0.0
1971-10-20,COCOA FUTURE      Jul23,42.95935890097309,,0.0
1972-01-18,SUGAR #11 (WORLD) Jul23,"Dates
1971-10-20    106.737198
Name: SUGAR #11 (WORLD) Jul23, dtype: float64",178.48658853142388,-28606.232940693597
1972-01-18,COTTON NO.2 FUTR  Jul23,"Dates
1971-10-20    67.125744
Name: COTTON NO.2 FUTR  Jul23, dtype: float64",75.61730910276246,0.0
1972-01-18,SOYBEAN FUTURE    Jul23,"Dates
1971-10-20    124.190953
Name: SOYBEAN FUTURE    Jul23, dtype: float64",118.07616663686704,-0.0
1972-01-18,CORN FUTURE       Jul23,"Dates
1971-10-20    96.921228
Name: CORN FUTURE       Jul23, dtype: float64",95.55233913107442,-0.0
1972-01-18,WHEAT FUTURE(CBT) Jul23,"Dates
1971-10-20    139.220628
Name: WHEAT FUTURE(CBT) Jul23, dtype: float64",161.25311761833754,-0.0
1972-01-18,LIVE CATTLE FUTR  Aug23,"Dates
1971-10-20    191.9615
Name: LIVE CATTLE FUTR  Aug23, dtype: float64",225.24194827859765,-0.0
1972-01-18,COCOA FUTURE      Jul23,"Dates
1971-10-20    42.959359
Name: COCOA FUTURE      Jul23, dtype: float64",46.65140240412137,0.0
1972-01-18,SOYBEAN FUTURE    Jul23,118.07616663686704,,-632.0285431775392
1972-01-18,SUGAR #11 (WORLD) Jul23,178.48658853142388,,-0.0
1972-01-18,COTTON NO.2 FUTR  Jul23,75.61730910276246,,0.0
1972-01-18,CORN FUTURE       Jul23,95.55233913107442,,-0.0
1972-01-18,WHEAT FUTURE(CBT) Jul23,161.25311761833754,,-0.0
1972-01-18,LIVE CATTLE FUTR  Aug23,225.24194827859765,,-0.0
1972-01-18,COCOA FUTURE      Jul23,46.65140240412137,,0.0
1972-01-19,SOYBEAN FUTURE    Jul23,"Dates
1972-01-18    118.076167
Name: SOYBEAN FUTURE    Jul23, dtype: float64",118.43375648131546,-632.0285431775392
1972-01-19,SUGAR #11 (WORLD) Jul23,"Dates
1972-01-18    178.486589
Name: SUGAR #11 (WORLD) Jul23, dtype: float64",186.01824903641875,-0.0
1972-01-19,COTTON NO.2 FUTR  Jul23,"Dates
1972-01-18    75.617309
Name: COTTON NO.2 FUTR  Jul23, dtype: float64",75.41357672561308,0.0
1972-01-19,CORN FUTURE       Jul23,"Dates
1972-01-18    95.552339
Name: CORN FUTURE       Jul23, dtype: float64",95.65046733557361,-0.0
1972-01-19,WHEAT FUTURE(CBT) Jul23,"Dates
1972-01-18    161.253118
Name: WHEAT FUTURE(CBT) Jul23, dtype: float64",160.76749495242746,-0.0
1972-01-19,LIVE CATTLE FUTR  Aug23,"Dates
1972-01-18    225.241948
Name: LIVE CATTLE FUTR  Aug23, dtype: float64",228.51552170923915,-0.0
1972-01-19,COCOA FUTURE      Jul23,"Dates
1972-01-18    46.651402
Name: COCOA FUTURE      Jul23, dtype: float64",47.281053234115646,0.0
1972-01-19,SOYBEAN FUTURE    Jul23,118.43375648131546,,-588.7128368766918
1972-01-19,SUGAR #11 (WORLD) Jul23,186.01824903641875,,-0.0
1972-01-19,COTTON NO.2 FUTR  Jul23,75.41357672561308,,0.0
1972-01-19,CORN FUTURE       Jul23,95.65046733557361,,-0.0
1972-01-19,WHEAT FUTURE(CBT) Jul23,160.76749495242746,,-0.0
1972-01-19,LIVE CATTLE FUTR  Aug23,228.51552170923915,,-0.0
1972-01-19,COCOA FUTURE      Jul23,47.281053234115646,,0.0
1972-01-28,SOYBEAN FUTURE    Jul23,"Dates
1972-01-19    118.433756
Name: SOYBEAN FUTURE    Jul23, dtype: float64",117.77221526908589,-588.7128368766918
1972-01-28,SUGAR #11 (WORLD) Jul23,"Dates
1972-01-19    186.018249
Name: SUGAR #11 (WORLD) Jul23, dtype: float64",188.2325178950674,-0.0
1972-01-28,COTTON NO.2 FUTR  Jul23,"Dates
1972-01-19    75.413577
Name: COTTON NO.2 FUTR  Jul23, dtype: float64",75.06315703691615,0.0
1972-01-28,CORN FUTURE       Jul23,"Dates
1972-01-19    95.650467
Name: CORN FUTURE       Jul23, dtype: float64",95.83691092412205,-0.0
1972-01-28,WHEAT FUTURE(CBT) Jul23,"Dates
1972-01-19    160.767495
Name: WHEAT FUTURE(CBT) Jul23, dtype: float64",162.22700220377683,-0.0
1972-01-28,LIVE CATTLE FUTR  Aug23,"Dates
1972-01-19    228.515522
Name: LIVE CATTLE FUTR  Aug23, dtype: float64",227.42609339467992,-0.0
1972-01-28,COCOA FUTURE      Jul23,"Dates
1972-01-19    47.281053
Name: COCOA FUTURE      Jul23, dtype: float64",45.53520320549515,0.0
1972-01-28,CORN FUTURE       Jul23,95.83691092412205,,-6605.2985695959815
1972-01-28,SOYBEAN FUTURE    Jul23,117.77221526908589,,-0.0
1972-01-28,SUGAR #11 (WORLD) Jul23,188.2325178950674,,-0.0
1972-01-28,COTTON NO.2 FUTR  Jul23,75.06315703691615,,0.0
1972-01-28,WHEAT FUTURE(CBT) Jul23,162.22700220377683,,-0.0
1972-01-28,LIVE CATTLE FUTR  Aug23,227.42609339467992,,-0.0
1972-01-28,COCOA FUTURE      Jul23,45.53520320549515,,0.0
1972-02-04,CORN FUTURE       Jul23,"Dates
1972-01-28    95.836911
Name: CORN FUTURE       Jul23, dtype: float64",95.54988592596196,-6605.2985695959815
1972-02-04,SOYBEAN FUTURE    Jul23,"Dates
1972-01-28    117.772215
Name: SOYBEAN FUTURE    Jul23, dtype: float64",119.899874843554,-0.0
1972-02-04,SUGAR #11 (WORLD) Jul23,"Dates
1972-01-28    188.232518
Name: SUGAR #11 (WORLD) Jul23, dtype: float64",205.94666876425637,-0.0
1972-02-04,COTTON NO.2 FUTR  Jul23,"Dates
1972-01-28    75.063157
Name: COTTON NO.2 FUTR  Jul23, dtype: float64",75.57656262733259,0.0
1972-02-04,WHEAT FUTURE(CBT) Jul23,"Dates
1972-01-28    162.227002
Name: WHEAT FUTURE(CBT) Jul23, dtype: float64",158.97808099869357,-0.0
1972-02-04,LIVE CATTLE FUTR  Aug23,"Dates
1972-01-28    227.426093
Name: LIVE CATTLE FUTR  Aug23, dtype: float64",228.20350097837022,-0.0
1972-02-04,COCOA FUTURE      Jul23,"Dates
1972-01-28    45.535203
Name: COCOA FUTURE      Jul23, dtype: float64",47.796222095020056,0.0
1972-02-04,COTTON NO.2 FUTR  Jul23,75.57656262733259,,13901.03439984184
1972-02-04,CORN FUTURE       Jul23,95.54988592596196,,-0.0
1972-02-04,SOYBEAN FUTURE    Jul23,119.899874843554,,-0.0
1972-02-04,SUGAR #11 (WORLD) Jul23,205.94666876425637,,-0.0
1972-02-04,WHEAT FUTURE(CBT) Jul23,158.97808099869357,,-0.0
1972-02-04,LIVE CATTLE FUTR  Aug23,228.20350097837022,,-0.0
1972-02-04,COCOA FUTURE      Jul23,47.796222095020056,,0.0
1972-04-18,COTTON NO.2 FUTR  Jul23,"Dates
1972-02-04    75.576563
Name: COTTON NO.2 FUTR  Jul23, dtype: float64",87.0426208132995,13901.03439984184
1972-04-18,CORN FUTURE       Jul23,"Dates
1972-02-04    95.549886
Name: CORN FUTURE       Jul23, dtype: float64",96.19998528076901,-0.0
1972-04-18,SOYBEAN FUTURE    Jul23,"Dates
1972-02-04    119.899875
Name: SOYBEAN FUTURE    Jul23, dtype: float64",130.7706061147859,-0.0
1972-04-18,SUGAR #11 (WORLD) Jul23,"Dates
1972-02-04    205.946669
Name: SUGAR #11 (WORLD) Jul23, dtype: float64",162.71533076378458,-0.0
1972-04-18,WHEAT FUTURE(CBT) Jul23,"Dates
1972-02-04    158.978081
Name: WHEAT FUTURE(CBT) Jul23, dtype: float64",166.89716148273268,-0.0
1972-04-18,LIVE CATTLE FUTR  Aug23,"Dates
1972-02-04    228.203501
Name: LIVE CATTLE FUTR  Aug23, dtype: float64",231.59342112221717,-0.0
1972-04-18,COCOA FUTURE      Jul23,"Dates
1972-02-04    47.796222
Name: COCOA FUTURE      Jul23, dtype: float64",46.53692043503151,0.0
1972-04-18,SUGAR #11 (WORLD) Jul23,162.71533076378458,,-99357.05750661912
1972-04-18,COTTON NO.2 FUTR  Jul23,87.0426208132995,,0.0
1972-04-18,CORN FUTURE       Jul23,96.19998528076901,,0.0
1972-04-18,SOYBEAN FUTURE    Jul23,130.7706061147859,,0.0
1972-04-18,WHEAT FUTURE(CBT) Jul23,166.89716148273268,,-0.0
1972-04-18,LIVE CATTLE FUTR  Aug23,231.59342112221717,,-0.0
1972-04-18,COCOA FUTURE      Jul23,46.53692043503151,,0.0
1972-06-29,SUGAR #11 (WORLD) Jul23,"Dates
1972-04-18    162.715331
Name: SUGAR #11 (WORLD) Jul23, dtype: float64",115.42908833477513,-99357.05750661912
1972-06-29,COTTON NO.2 FUTR  Jul23,"Dates
1972-04-18    87.042621
Name: COTTON NO.2 FUTR  Jul23, dtype: float64",83.57102110667407,0.0
1972-06-29,CORN FUTURE       Jul23,"Dates
1972-04-18    96.199985
Name: CORN FUTURE       Jul23, dtype: float64",90.2215244216566,0.0
1972-06-29,SOYBEAN FUTURE    Jul23,"Dates
1972-04-18    130.770606
Name: SOYBEAN FUTURE    Jul23, dtype: float64",127.60593599141745,0.0
1972-06-29,WHEAT FUTURE(CBT) Jul23,"Dates
1972-04-18    166.897161
Name: WHEAT FUTURE(CBT) Jul23, dtype: float64",161.33097560010026,-0.0
1972-06-29,LIVE CATTLE FUTR  Aug23,"Dates
1972-04-18    231.593421
Name: LIVE CATTLE FUTR  Aug23, dtype: float64",257.20556348828603,-0.0
1972-06-29,COCOA FUTURE      Jul23,"Dates
1972-04-18    46.53692
Name: COCOA FUTURE      Jul23, dtype: float64",48.797939324556374,0.0
1972-06-29,COTTON NO.2 FUTR  Jul23,83.57102110667407,,78205.44551944344
1972-06-29,SUGAR #11 (WORLD) Jul23,115.42908833477513,,-0.0
1972-06-29,CORN FUTURE       Jul23,90.2215244216566,,0.0
1972-06-29,SOYBEAN FUTURE    Jul23,127.60593599141745,,0.0
1972-06-29,WHEAT FUTURE(CBT) Jul23,161.33097560010026,,-0.0
1972-06-29,LIVE CATTLE FUTR  Aug23,257.20556348828603,,-0.0
1972-06-29,COCOA FUTURE      Jul23,48.797939324556374,,0.0
1972-08-29,COTTON NO.2 FUTR  Jul23,"Dates
1972-06-29    83.571021
Name: COTTON NO.2 FUTR  Jul23, dtype: float64",70.72773205117738,78205.44551944344
1972-08-29,SUGAR #11 (WORLD) Jul23,"Dates
1972-06-29    115.429088
Name: SUGAR #11 (WORLD) Jul23, dtype: float64",138.16959018327668,-0.0
1972-08-29,CORN FUTURE       Jul23,"Dates
1972-06-29    90.221524
Name: CORN FUTURE       Jul23, dtype: float64",96.88442950715078,0.0
1972-08-29,SOYBEAN FUTURE    Jul23,"Dates
1972-06-29    127.605936
Name: SOYBEAN FUTURE    Jul23, dtype: float64",134.18558912926827,0.0
1972-08-29,WHEAT FUTURE(CBT) Jul23,"Dates
1972-06-29    161.330976
Name: WHEAT FUTURE(CBT) Jul23, dtype: float64",209.44456907586516,-0.0
1972-08-29,LIVE CATTLE FUTR  Aug23,"Dates
1972-06-29    257.205563
Name: LIVE CATTLE FUTR  Aug23, dtype: float64",242.6675128245809,-0.0
1972-08-29,COCOA FUTURE      Jul23,"Dates
1972-06-29    48.797939
Name: COCOA FUTURE      Jul23, dtype: float64",58.64338866628504,0.0
1972-08-29,LIVE CATTLE FUTR  Aug23,242.6675128245809,,-1799529.5041908564
1972-08-29,COTTON NO.2 FUTR  Jul23,70.72773205117738,,0.0
1972-08-29,SUGAR #11 (WORLD) Jul23,138.16959018327668,,-0.0
1972-08-29,CORN FUTURE       Jul23,96.88442950715078,,0.0
1972-08-29,SOYBEAN FUTURE    Jul23,134.18558912926827,,0.0
1972-08-29,WHEAT FUTURE(CBT) Jul23,209.44456907586516,,-0.0
1972-08-29,COCOA FUTURE      Jul23,58.64338866628504,,-0.0
1972-09-07,LIVE CATTLE FUTR  Aug23,"Dates
1972-08-29    242.667513
Name: LIVE CATTLE FUTR  Aug23, dtype: float64",245.5285842720397,-1799529.5041908564
1972-09-07,COTTON NO.2 FUTR  Jul23,"Dates
1972-08-29    70.727732
Name: COTTON NO.2 FUTR  Jul23, dtype: float64",70.43435742808228,0.0
1972-09-07,SUGAR #11 (WORLD) Jul23,"Dates
1972-08-29    138.16959
Name: SUGAR #11 (WORLD) Jul23, dtype: float64",133.07244552819924,-0.0
1972-09-07,CORN FUTURE       Jul23,"Dates
1972-08-29    96.88443
Name: CORN FUTURE       Jul23, dtype: float64",101.23150896646435,0.0
1972-09-07,SOYBEAN FUTURE    Jul23,"Dates
1972-08-29    134.185589
Name: SOYBEAN FUTURE    Jul23, dtype: float64",135.70534596817404,0.0
1972-09-07,WHEAT FUTURE(CBT) Jul23,"Dates
1972-08-29    209.444569
Name: WHEAT FUTURE(CBT) Jul23, dtype: float64",215.01735309254522,-0.0
1972-09-07,COCOA FUTURE      Jul23,"Dates
1972-08-29    58.643389
Name: COCOA FUTURE      Jul23, dtype: float64",60.2461362335432,-0.0
1972-09-07,SOYBEAN FUTURE    Jul23,135.70534596817404,,964330.0035253565
1972-09-07,LIVE CATTLE FUTR  Aug23,245.5285842720397,,-0.0
1972-09-07,COTTON NO.2 FUTR  Jul23,70.43435742808228,,0.0
1972-09-07,SUGAR #11 (WORLD) Jul23,133.07244552819924,,-0.0
1972-09-07,CORN FUTURE       Jul23,101.23150896646435,,0.0
1972-09-07,WHEAT FUTURE(CBT) Jul23,215.01735309254522,,-0.0
1972-09-07,COCOA FUTURE      Jul23,60.2461362335432,,-0.0
1972-09-12,SOYBEAN FUTURE    Jul23,"Dates
1972-09-07    135.705346
Name: SOYBEAN FUTURE    Jul23, dtype: float64",134.90076881816512,964330.0035253565
1972-09-12,LIVE CATTLE FUTR  Aug23,"Dates
1972-09-07    245.528584
Name: LIVE CATTLE FUTR  Aug23, dtype: float64",246.77666719551527,-0.0
1972-09-12,COTTON NO.2 FUTR  Jul23,"Dates
1972-09-07    70.434357
Name: COTTON NO.2 FUTR  Jul23, dtype: float64",70.11653491972925,0.0
1972-09-12,SUGAR #11 (WORLD) Jul23,"Dates
1972-09-07    133.072446
Name: SUGAR #11 (WORLD) Jul23, dtype: float64",120.04640918744572,-0.0
1972-09-12,CORN FUTURE       Jul23,"Dates
1972-09-07    101.231509
Name: CORN FUTURE       Jul23, dtype: float64",102.80646664867615,0.0
1972-09-12,WHEAT FUTURE(CBT) Jul23,"Dates
1972-09-07    215.017353
Name: WHEAT FUTURE(CBT) Jul23, dtype: float64",223.98817614378635,-0.0
1972-09-12,COCOA FUTURE      Jul23,"Dates
1972-09-07    60.246136
Name: COCOA FUTURE      Jul23, dtype: float64",58.557527189467635,-0.0
1972-09-12,SOYBEAN FUTURE    Jul23,134.90076881816512,,-2153691.3498419453
1972-09-12,LIVE CATTLE FUTR  Aug23,246.77666719551527,,-0.0
1972-09-12,COTTON NO.2 FUTR  Jul23,70.11653491972925,,0.0
1972-09-12,SUGAR #11 (WORLD) Jul23,120.04640918744572,,-0.0
1972-09-12,CORN FUTURE       Jul23,102.80646664867615,,0.0
1972-09-12,WHEAT FUTURE(CBT) Jul23,223.98817614378635,,-0.0
1972-09-12,COCOA FUTURE      Jul23,58.557527189467635,,-0.0
1972-09-26,SOYBEAN FUTURE    Jul23,"Dates
1972-09-12    134.900769
Name: SOYBEAN FUTURE    Jul23, dtype: float64",137.49329519041615,-2153691.3498419453
1972-09-26,LIVE CATTLE FUTR  Aug23,"Dates
1972-09-12    246.776667
Name: LIVE CATTLE FUTR  Aug23, dtype: float64",254.46083875403247,-0.0
1972-09-26,COTTON NO.2 FUTR  Jul23,"Dates
1972-09-12    70.116535
Name: COTTON NO.2 FUTR  Jul23, dtype: float64",71.85233477304196,0.0
1972-09-26,SUGAR #11 (WORLD) Jul23,"Dates
1972-09-12    120.046409
Name: SUGAR #11 (WORLD) Jul23, dtype: float64",139.30228899551616,-0.0
1972-09-26,CORN FUTURE       Jul23,"Dates
1972-09-12    102.806467
Name: CORN FUTURE       Jul23, dtype: float64",105.58104163089038,0.0
1972-09-26,WHEAT FUTURE(CBT) Jul23,"Dates
1972-09-12    223.988176
Name: WHEAT FUTURE(CBT) Jul23, dtype: float64",232.14346982673283,-0.0
1972-09-26,COCOA FUTURE      Jul23,"Dates
1972-09-12    58.557527
Name: COCOA FUTURE      Jul23, dtype: float64",56.46823125357755,-0.0
1972-09-26,COFFEE 'C' FUTURE Jul23,101.9346627068307,,-938.0695503298613
1972-09-26,SOYBEAN FUTURE    Jul23,137.49329519041615,,-0.0
1972-09-26,LIVE CATTLE FUTR  Aug23,254.46083875403247,,-0.0
1972-09-26,COTTON NO.2 FUTR  Jul23,71.85233477304196,,-0.0
1972-09-26,SUGAR #11 (WORLD) Jul23,139.30228899551616,,0.0
1972-09-26,CORN FUTURE       Jul23,105.58104163089038,,-0.0
1972-09-26,WHEAT FUTURE(CBT) Jul23,232.14346982673283,,-0.0
1972-09-26,COCOA FUTURE      Jul23,56.46823125357755,,0.0
